{
    "epoch": 10.0,
    "eval_accuracy": 0.87976,
    "eval_loss": 0.4449554979801178,
    "eval_precision": 0.8770452740270056,
    "eval_recall": 0.88336,
    "eval_runtime": 796.1949,
    "eval_samples": 25000,
    "eval_samples_per_second": 31.399,
    "eval_steps_per_second": 0.982,
    "predict_accuracy": 0.87976,
    "predict_loss": 0.4449554979801178,
    "predict_precision": 0.8770452740270056,
    "predict_recall": 0.88336,
    "predict_runtime": 798.2985,
    "predict_samples": 25000,
    "predict_samples_per_second": 31.317,
    "predict_steps_per_second": 0.98,
    "train_loss": 0.4668945097862302,
    "train_runtime": 14351.4094,
    "train_samples": 25000,
    "train_samples_per_second": 17.42,
    "train_steps_per_second": 0.545
}